<TICKER>;<PER>;<DATE>;<TIME>;<OPEN>;<HIGH>;<LOW>;<CLOSE>;<VOL>
VTBR;D;200804;000000;19485;20170;19445;20150;22451
VTBR;D;200805;000000;20150;20455;19960;20300;19098
VTBR;D;200806;000000;20310;20460;19140;19345;49782
VTBR;D;200807;000000;19370;19450;18775;18980;26788
VTBR;D;200808;000000;18980;19025;18325;18400;22879
VTBR;D;200811;000000;18415;18615;18290;18435;13580
VTBR;D;200812;000000;18430;18880;18385;18525;20710
VTBR;D;200813;000000;18550;18960;18535;18940;13878
VTBR;D;200814;000000;18910;19070;18805;18905;12081
VTBR;D;200815;000000;18915;18985;18705;18930;9808
VTBR;D;200818;000000;18945;19150;18750;18855;16493
VTBR;D;200819;000000;18845;18940;18655;18725;8210
VTBR;D;200820;000000;18730;18890;18690;18800;8175
VTBR;D;200821;000000;18775;18775;18425;18550;9603
VTBR;D;200822;000000;18575;18615;18100;18225;14033
VTBR;D;200825;000000;18240;18385;18065;18240;11867
VTBR;D;200826;000000;18250;18295;17835;17995;11523
VTBR;D;200827;000000;17995;18095;17740;18090;11330
VTBR;D;200828;000000;18075;18235;18030;18095;11224
VTBR;D;200829;000000;18100;18155;17850;18040;8055
VTBR;D;200901;000000;18035;18145;17650;17720;10993
VTBR;D;200902;000000;17745;18090;17710;18090;12749
VTBR;D;200903;000000;18090;18125;17620;17800;14693
VTBR;D;200904;000000;17770;17845;17495;17555;10747
VTBR;D;200905;000000;17555;17750;17495;17710;10155
VTBR;D;200908;000000;17675;17750;17575;17635;7798
VTBR;D;200909;000000;17635;17670;17255;17455;13547
VTBR;D;200910;000000;17415;17560;17380;17530;6893
VTBR;D;200911;000000;17540;17675;17330;17595;1069
VTBR;D;200912;000000;17580;17705;17520;17675;1514
VTBR;D;200915;000000;17730;17950;17640;17880;2945
VTBR;D;200916;000000;17900;18095;17815;18050;4376
VTBR;D;200917;000000;18070;18130;17780;17840;8651
VTBR;D;200918;000000;17835;17835;17585;17790;17479
VTBR;D;200919;000000;17815;17815;17520;17620;11228
VTBR;D;200922;000000;17580;17595;17175;17360;13747
VTBR;D;200923;000000;17365;17465;17035;17200;17589
VTBR;D;200924;000000;17185;17335;17015;17025;15733
VTBR;D;200925;000000;17020;17165;16880;16995;13838
VTBR;D;200926;000000;17000;17110;16780;16950;17182
VTBR;D;200929;000000;16955;17150;16925;17085;13046
VTBR;D;200930;000000;17080;17455;16650;17125;27250
VTBR;D;201001;000000;17110;17215;16955;17085;13270
VTBR;D;201002;000000;17125;17185;16895;16940;9914
VTBR;D;201003;000000;16925;17110;16820;17055;9897
VTBR;D;201006;000000;17075;17130;16955;17020;6795
VTBR;D;201007;000000;17030;17210;17005;17060;8734
VTBR;D;201008;000000;17080;17140;16750;16845;12834
VTBR;D;201009;000000;16845;16910;16715;16860;9165
VTBR;D;201010;000000;16860;16860;16650;16750;6890
VTBR;D;201013;000000;16775;16910;16695;16770;8065
VTBR;D;201014;000000;16760;16825;16610;16670;6853
VTBR;D;201015;000000;16655;16780;16555;16760;6301
VTBR;D;201016;000000;16745;16745;16320;16465;11121
VTBR;D;201017;000000;16440;16460;16145;16150;9139
VTBR;D;201020;000000;16175;16265;15925;15985;15129
VTBR;D;201021;000000;15985;17120;15870;17060;39515
VTBR;D;201022;000000;17070;17445;16780;16915;48090
VTBR;D;201023;000000;16875;17495;16735;17450;36048
VTBR;D;201024;000000;17450;17680;17265;17520;25986
VTBR;D;201027;000000;17500;17500;17050;17175;17999
VTBR;D;201028;000000;17195;17295;16825;16840;18602
VTBR;D;201029;000000;16830;16830;16185;16245;21603
VTBR;D;201030;000000;16250;16655;16135;16470;20686
VTBR;D;201031;000000;16470;16710;16020;16435;21127
VTBR;D;201103;000000;16380;16550;16145;16525;14733
VTBR;D;201104;000000;16545;16750;16450;16595;15546
VTBR;D;201106;000000;16595;16980;16595;16920;20299
VTBR;D;201107;000000;16905;16955;16690;16895;12891
VTBR;D;201110;000000;16930;17405;16900;17310;30488
VTBR;D;201111;000000;17270;17510;17170;17400;21715
VTBR;D;201112;000000;17430;17690;17165;17170;26900
VTBR;D;201113;000000;17155;18375;17000;18050;49089
VTBR;D;201114;000000;18090;18590;17955;18390;41991
VTBR;D;201117;000000;18425;18725;18380;18650;32054
VTBR;D;201118;000000;18680;18685;18025;18175;35959
VTBR;D;201119;000000;18180;18405;17795;18095;23994
VTBR;D;201120;000000;18120;18195;17910;18120;18001
VTBR;D;201121;000000;18120;18470;18090;18320;19316
VTBR;D;201124;000000;18340;18560;18180;18340;16680
VTBR;D;201125;000000;18345;18550;18270;18495;16231
VTBR;D;201126;000000;18515;18650;18285;18485;25241
VTBR;D;201127;000000;18510;18770;18365;18550;27697
VTBR;D;201128;000000;18570;19145;18430;18945;34378
VTBR;D;201201;000000;18925;18965;18515;18625;21940
VTBR;D;201202;000000;18650;18950;18650;18890;18689
VTBR;D;201203;000000;18875;19065;18760;19030;17225
VTBR;D;201204;000000;19050;19245;18700;18900;23754
VTBR;D;201205;000000;18940;19090;18885;18945;15496
VTBR;D;201208;000000;18935;19035;18740;18770;15929
VTBR;D;201209;000000;18755;18920;18555;18760;16277
VTBR;D;201210;000000;18760;19040;18640;18685;16358
VTBR;D;201211;000000;18900;19445;18900;19290;1828
VTBR;D;201212;000000;19300;19380;19110;19270;2020
VTBR;D;201215;000000;19295;19590;19140;19155;4985
VTBR;D;201216;000000;19135;19260;19005;19150;5178
VTBR;D;201217;000000;19160;19520;19080;19395;19241
VTBR;D;201218;000000;19425;19705;19225;19405;24705
VTBR;D;201219;000000;19385;19395;19135;19320;15186
VTBR;D;201222;000000;19305;19305;18455;18805;34907
VTBR;D;201223;000000;18750;19020;18580;18780;16703
VTBR;D;201224;000000;18770;19260;18760;19185;22318
VTBR;D;201225;000000;19195;19325;19030;19105;11496
VTBR;D;201226;000000;19135;19245;19075;19185;4457
VTBR;D;201229;000000;19190;19345;19140;19210;7340
VTBR;D;201230;000000;19210;19300;18925;19050;9661
VTBR;D;201231;000000;19045;19265;18990;19130;9306
VTBR;D;210105;000000;19190;19475;19080;19140;15986
VTBR;D;210106;000000;19160;19500;19105;19400;17434
VTBR;D;210107;000000;19410;19455;19190;19300;13629
VTBR;D;210109;000000;19325;19730;19325;19685;16599
VTBR;D;210112;000000;19685;20190;19375;20100;41796
VTBR;D;210113;000000;20100;20440;20035;20150;23881
VTBR;D;210114;000000;20240;20405;19920;20020;21844
VTBR;D;210115;000000;20040;20190;19765;20080;21584
VTBR;D;210116;000000;20080;20855;19760;19940;59199
VTBR;D;210119;000000;19930;19930;19535;19745;26392
VTBR;D;210120;000000;19750;19885;19400;19490;20480
VTBR;D;210121;000000;19470;19610;19425;19545;17630
VTBR;D;210122;000000;19550;19635;19030;19070;28360
VTBR;D;210123;000000;19050;19070;18675;18840;20722
VTBR;D;210126;000000;18865;19070;18825;18975;18015
VTBR;D;210127;000000;18985;19025;18800;18990;14728
VTBR;D;210128;000000;18990;19065;18590;18665;23470
VTBR;D;210129;000000;18635;18770;18320;18680;21062
VTBR;D;210130;000000;18635;18635;18400;18420;19517
VTBR;D;210202;000000;18455;18680;18410;18565;14647
VTBR;D;210203;000000;18600;18865;18540;18575;18805
VTBR;D;210204;000000;18585;18800;18480;18610;17553
VTBR;D;210205;000000;18600;18835;18580;18805;15394
VTBR;D;210206;000000;18810;19115;18760;19070;16925
VTBR;D;210209;000000;19075;19260;19075;19225;13384
VTBR;D;210210;000000;19240;19340;18890;18975;16894
VTBR;D;210211;000000;19005;19115;18720;18760;16821
VTBR;D;210212;000000;18750;18975;18695;18800;9578
VTBR;D;210213;000000;18795;18935;18560;18920;15096
VTBR;D;210216;000000;18935;19150;18935;19105;9052
VTBR;D;210217;000000;19130;19190;18915;19020;11387
VTBR;D;210218;000000;19020;19240;18755;18935;14548
VTBR;D;210219;000000;18920;18940;18465;18550;17376
VTBR;D;210220;000000;18550;18780;18420;18735;14019
VTBR;D;210221;000000;18730;18750;18635;18695;1380
VTBR;D;210223;000000;18705;18930;18540;18750;8878
VTBR;D;210225;000000;18745;18845;18580;18820;12780
VTBR;D;210226;000000;18820;19100;18725;18730;19766
VTBR;D;210227;000000;18730;18900;18525;18595;13906
VTBR;D;210302;000000;18605;18770;18570;18725;11235
VTBR;D;210303;000000;18700;18910;18600;18825;12351
VTBR;D;210304;000000;18845;19075;18685;18755;14751
VTBR;D;210305;000000;18750;18915;18450;18510;22937
VTBR;D;210306;000000;18490;18830;18440;18805;14744
VTBR;D;210310;000000;18820;19325;18785;19260;18325
VTBR;D;210311;000000;19260;19560;19080;19170;11181
VTBR;D;210312;000000;19200;19300;18955;19190;1520
VTBR;D;210313;000000;19150;19225;19070;19150;1926
VTBR;D;210316;000000;19155;19430;19145;19385;6400
VTBR;D;210317;000000;19405;19510;19205;19435;9434
VTBR;D;210318;000000;19435;19555;19000;19130;16703
VTBR;D;210319;000000;19150;19250;18750;18815;17140
VTBR;D;210320;000000;18825;19035;18775;18965;10942
VTBR;D;210323;000000;18960;19345;18915;19200;16272
VTBR;D;210324;000000;19200;19265;18920;18975;14597
VTBR;D;210325;000000;18980;19185;18920;18985;10559
VTBR;D;210326;000000;18980;19150;18780;19115;12765
VTBR;D;210327;000000;19130;19285;19125;19260;8273
VTBR;D;210330;000000;19250;19520;19180;19490;11629
VTBR;D;210331;000000;19470;20115;19445;20070;20005
VTBR;D;210401;000000;20075;21415;19930;21235;56769
VTBR;D;210402;000000;21195;21720;21110;21245;40654
VTBR;D;210403;000000;21245;21495;21045;21285;18194
VTBR;D;210406;000000;21305;22105;21225;22070;33381
VTBR;D;210407;000000;22095;22320;21345;21385;49010
VTBR;D;210408;000000;21385;22125;21220;21915;31946
VTBR;D;210409;000000;21960;22340;21850;22000;29908
VTBR;D;210410;000000;22005;22005;21535;21720;17697
VTBR;D;210413;000000;21695;22150;21480;21905;22607
VTBR;D;210414;000000;21900;22695;21875;22695;35576
VTBR;D;210415;000000;22670;23500;22670;23175;41384
VTBR;D;210416;000000;23150;23250;22685;23130;32285
VTBR;D;210417;000000;23120;23705;23115;23685;35270
VTBR;D;210420;000000;23625;23825;23050;23145;33195
VTBR;D;210421;000000;23190;23975;22895;23335;62540
VTBR;D;210422;000000;23330;23940;23140;23870;45019
VTBR;D;210423;000000;23895;24095;23545;23930;31756
VTBR;D;210424;000000;23935;25925;23900;25845;86818
VTBR;D;210427;000000;25770;26680;25405;25840;68269
VTBR;D;210428;000000;25840;26065;25615;25830;28697
VTBR;D;210429;000000;25870;26050;25245;25345;39154
VTBR;D;210430;000000;25380;25820;24845;25155;51500
VTBR;D;210501;000000;25150;25935;24915;25900;35948
VTBR;D;210505;000000;25935;27545;25910;27390;92586
VTBR;D;210506;000000;27420;27945;26845;27105;51656
VTBR;D;210507;000000;27125;27445;26870;27210;26961
VTBR;D;210508;000000;27260;27450;26320;26450;36544
VTBR;D;210511;000000;26470;26735;25220;25560;40649
VTBR;D;210512;000000;25560;25910;24855;24925;51580
VTBR;D;210513;000000;24910;25190;24325;24440;57729
VTBR;D;210514;000000;24440;25735;24365;25635;52284
VTBR;D;210515;000000;25630;25885;24920;25185;45155
VTBR;D;210518;000000;25140;25315;24000;24095;59650
VTBR;D;210519;000000;24125;24425;22935;22995;94736
VTBR;D;210520;000000;22955;23835;22185;22765;166608
VTBR;D;210521;000000;22755;23455;22525;23300;93498
VTBR;D;210522;000000;23300;23365;22670;22930;54899
VTBR;D;210525;000000;22940;23155;22695;22830;33367
VTBR;D;210526;000000;22835;23020;22665;22800;26117
VTBR;D;210527;000000;22800;23965;22795;23865;86286
VTBR;D;210528;000000;23865;24670;23515;24445;96681
VTBR;D;210529;000000;24445;24600;24025;24270;40625
VTBR;D;210601;000000;24270;24580;24160;24455;33512
VTBR;D;210602;000000;24465;25095;24435;24830;63927
VTBR;D;210603;000000;24790;25055;24475;25010;66066
VTBR;D;210604;000000;25020;25250;24500;24740;49040
VTBR;D;210605;000000;24750;24810;24000;24400;55392
VTBR;D;210608;000000;24400;24585;24205;24460;31368
VTBR;D;210609;000000;24415;25105;24355;25030;56996
VTBR;D;210610;000000;25050;25650;25010;25605;42620
VTBR;D;210611;000000;25640;25715;24890;24985;28087
VTBR;D;210612;000000;24970;25285;24810;25065;9768
VTBR;D;210615;000000;25085;25185;24775;24870;10669
VTBR;D;210616;000000;24885;24975;24260;24445;14873
VTBR;D;210617;000000;24445;24675;23780;24080;41108
VTBR;D;210618;000000;24075;24195;23685;24025;53919
VTBR;D;210619;000000;24025;24110;23370;23450;50012
VTBR;D;210622;000000;23445;24020;23115;23915;52379
VTBR;D;210623;000000;23910;24110;23700;23850;37200
VTBR;D;210624;000000;23865;24070;23715;23885;21775
VTBR;D;210625;000000;23890;24350;23760;24010;44011
VTBR;D;210626;000000;24025;24220;23915;24070;20911
VTBR;D;210629;000000;24025;24570;23565;24510;45577
VTBR;D;210630;000000;24510;24525;23815;24050;43305
VTBR;D;210701;000000;24070;24205;23535;23970;58810
VTBR;D;210702;000000;24000;24285;23930;24225;30219
VTBR;D;210703;000000;24195;24270;23975;24075;19429
VTBR;D;210706;000000;24095;25110;24025;24970;45021
VTBR;D;210707;000000;24970;25140;24255;24465;63968
VTBR;D;210708;000000;24430;24680;24260;24430;49106
VTBR;D;210709;000000;24400;24445;23860;24010;44354
VTBR;D;210710;000000;24010;24295;23910;24210;48704
VTBR;D;210713;000000;24205;24400;23975;24135;41149
VTBR;D;210714;000000;24130;24270;23755;23800;48231
VTBR;D;210715;000000;23800;24020;23670;23940;41332
VTBR;D;210716;000000;23925;24210;23685;23840;62527
VTBR;D;210717;000000;23865;24130;23795;23865;49919
VTBR;D;210720;000000;23860;23920;23110;23230;46866
VTBR;D;210721;000000;23255;23505;23150;23355;35039
VTBR;D;210722;000000;23355;23750;23240;23735;29141
VTBR;D;210723;000000;23710;23950;23550;23630;31514
VTBR;D;210724;000000;23655;23785;23515;23640;22854
VTBR;D;210727;000000;23640;23675;23410;23565;27565
VTBR;D;210728;000000;23540;23590;23230;23375;31252
VTBR;D;210729;000000;23380;24340;23375;24275;50701
VTBR;D;210730;000000;24290;24755;24185;24445;50845
VTBR;D;210731;000000;24400;24675;24105;24460;59450
VTBR;D;210803;000000;24455;24935;24425;24645;47598
VTBR;D;210804;000000;24630;24885;24255;24705;39963
VTBR;D;210805;000000;24700;24840;24650;24790;25670
VTBR;D;210806;000000;24775;25220;24695;25015;40590
VTBR;D;210807;000000;25040;25360;24880;25150;46223
VTBR;D;210810;000000;25125;25895;24900;25725;61475
VTBR;D;210811;000000;25740;26225;25675;26025;52800
VTBR;D;210812;000000;26030;26730;25990;26660;56392
VTBR;D;210813;000000;26660;26840;26060;26170;58740
VTBR;D;210814;000000;26205;26465;25800;25895;48689
VTBR;D;210817;000000;25875;26360;25660;26330;45759
VTBR;D;210818;000000;26300;26685;26220;26305;47992
VTBR;D;210819;000000;26330;26600;25710;25715;50448
VTBR;D;210820;000000;25740;25870;25050;25360;81691
VTBR;D;210821;000000;25360;25715;24895;25490;65213
VTBR;D;210824;000000;25500;25860;25500;25790;33829
VTBR;D;210825;000000;25780;26010;25370;25660;46809
VTBR;D;210826;000000;25690;25785;25300;25670;39381
VTBR;D;210827;000000;25665;25670;25025;25140;38436
VTBR;D;210828;000000;25185;25545;24950;25510;34147
VTBR;D;210831;000000;25540;26225;25510;26175;57276
VTBR;D;210901;000000;26175;26600;26110;26450;55296
VTBR;D;210902;000000;26455;26720;26270;26695;45564
VTBR;D;210903;000000;26695;26825;26125;26315;43714
VTBR;D;210904;000000;26275;26530;26000;26300;46259
VTBR;D;210907;000000;26305;27320;26225;27085;64059
VTBR;D;210908;000000;27075;27485;26515;26885;78803
VTBR;D;210909;000000;26885;27265;26520;26935;57599
VTBR;D;210910;000000;26935;26980;26195;26260;60780
VTBR;D;210911;000000;26260;27040;26260;26560;20773
VTBR;D;210914;000000;26595;26865;26555;26805;12325
VTBR;D;210915;000000;26850;26955;26205;26285;25916
VTBR;D;210916;000000;26285;26775;26080;26600;48844
VTBR;D;210917;000000;26580;26725;26015;26300;51076
VTBR;D;210918;000000;26285;26425;26080;26195;34243
VTBR;D;210921;000000;26170;26200;25200;25430;50989
VTBR;D;210922;000000;25430;25800;25180;25525;44653
VTBR;D;210923;000000;25545;26050;25425;25865;43737
VTBR;D;210924;000000;25865;26105;25530;25835;54277
VTBR;D;210925;000000;25860;26080;25650;25880;29964
VTBR;D;210928;000000;25920;26665;25915;26600;44923
VTBR;D;210929;000000;26600;26910;25805;25905;68442
VTBR;D;210930;000000;25910;26195;25665;25905;38650
VTBR;D;211001;000000;25930;26550;25930;26295;61968
VTBR;D;211002;000000;26285;26285;25900;26150;39102
VTBR;D;211005;000000;26170;26595;25915;26280;68592
VTBR;D;211006;000000;26255;27390;26235;27330;83319
VTBR;D;211007;000000;27315;27885;26785;27510;138293
VTBR;D;211008;000000;27515;27970;27300;27555;68457
VTBR;D;211009;000000;27575;27750;27385;27650;36246
VTBR;D;211012;000000;27685;28650;27685;28510;74796
VTBR;D;211013;000000;28505;28565;28020;28100;43467
VTBR;D;211014;000000;28100;28310;27555;27955;63912
VTBR;D;211015;000000;27965;28400;27705;28065;67683
VTBR;D;211016;000000;28070;28250;27835;28140;36790
VTBR;D;211019;000000;28160;28290;27900;28230;34880
VTBR;D;211020;000000;28245;29125;28220;29035;75308
VTBR;D;211021;000000;29030;29170;28505;28675;65694
VTBR;D;211022;000000;28670;28765;27655;27930;81149
VTBR;D;211023;000000;27920;28310;27430;27500;77713
VTBR;D;211026;000000;27500;28415;27320;28415;77165
VTBR;D;211027;000000;28415;28625;28100;28320;60350
VTBR;D;211028;000000;28320;28350;27760;27775;72852
VTBR;D;211029;000000;27760;27950;26835;27195;102909
VTBR;D;211030;000000;27180;27180;26300;26655;104219
VTBR;D;211102;000000;26655;27045;26460;27020;68347
VTBR;D;211103;000000;27050;27110;26460;26650;61810
VTBR;D;211104;000000;26650;26745;26115;26720;66383
VTBR;D;211106;000000;26685;26695;26335;26630;49867
VTBR;D;211109;000000;26640;26945;26180;26435;53822
VTBR;D;211110;000000;26405;26440;25735;25995;64509
VTBR;D;211111;000000;25980;26045;25205;25250;73796
VTBR;D;211112;000000;25285;25975;25215;25845;70725
VTBR;D;211113;000000;25830;26000;24985;25355;103088
VTBR;D;211116;000000;25320;26345;25140;26140;83319
VTBR;D;211117;000000;26165;26395;25580;25700;68071
VTBR;D;211118;000000;25680;26175;25580;25955;55064
VTBR;D;211119;000000;25945;26645;25435;26435;102390
VTBR;D;211120;000000;26435;26805;25225;25360;150293
VTBR;D;211123;000000;25430;25525;24075;24325;154301
VTBR;D;211124;000000;24330;25125;23700;25060;123758
VTBR;D;211125;000000;25060;25295;24595;24820;73488
VTBR;D;211126;000000;24825;24995;24450;24510;42102
VTBR;D;211127;000000;24470;24470;23350;23375;81744
VTBR;D;211130;000000;23390;24075;23350;23785;88587
VTBR;D;211201;000000;23750;24200;23235;23700;76069
VTBR;D;211202;000000;23715;24365;23645;23850;62194
VTBR;D;211203;000000;23865;24585;23815;24535;59499
VTBR;D;211204;000000;24545;24690;24150;24365;34763
VTBR;D;211207;000000;24405;24665;23785;24095;62136
VTBR;D;211208;000000;24075;24385;23615;24265;61720
VTBR;D;211209;000000;24280;24650;23405;23700;59983
VTBR;D;211210;000000;23700;24015;23280;23495;60521
VTBR;D;211211;000000;23465;23800;22960;23525;31197
VTBR;D;211214;000000;23570;23640;21775;21930;29869
VTBR;D;211215;000000;21930;22770;20110;22730;34972
VTBR;D;211216;000000;22715;22945;22245;22930;28015
VTBR;D;211217;000000;22940;23875;22865;23650;49460
VTBR;D;211218;000000;23645;24180;23375;23965;47137
VTBR;D;211221;000000;23960;23960;23150;23695;57738
VTBR;D;211222;000000;23700;24235;23530;24140;39929
VTBR;D;211223;000000;24100;24600;23950;24295;44193
VTBR;D;211224;000000;24335;24595;23980;24060;36976
VTBR;D;211225;000000;24080;24160;23575;24010;31633
VTBR;D;211228;000000;24005;24500;24005;24390;39788
VTBR;D;211229;000000;24390;24700;24310;24700;35479
VTBR;D;211230;000000;24695;24700;24345;24660;27106
VTBR;D;211231;000000;24635;24735;24410;24580;19653
VTBR;D;220104;000000;24560;25150;24560;25150;25253
VTBR;D;220105;000000;25150;25370;24960;25260;34001
VTBR;D;220106;000000;25285;25365;24000;24045;54365
VTBR;D;220107;000000;24035;24655;23925;24610;44112
VTBR;D;220108;000000;24640;24900;24575;24890;6423
VTBR;D;220111;000000;24890;25040;24480;24870;32947
VTBR;D;220112;000000;24900;25585;24765;25490;41311
VTBR;D;220113;000000;25530;25825;25355;25480;40872
VTBR;D;220114;000000;25450;25485;22415;23900;120667
VTBR;D;220115;000000;23970;25750;22265;23575;145000
VTBR;D;220118;000000;23600;23825;22330;23605;131299
VTBR;D;220119;000000;23590;23665;21880;22155;132798
VTBR;D;220120;000000;22115;23570;20965;22950;134485
VTBR;D;220121;000000;23020;23705;22800;23005;94243
VTBR;D;220122;000000;23000;23410;22175;22280;72351
VTBR;D;220125;000000;22290;22590;20035;20800;202840
VTBR;D;220126;000000;20795;21580;20535;21500;115189
VTBR;D;220127;000000;21475;21585;20525;20900;127959
VTBR;D;220128;000000;20865;22315;20620;21815;125971
VTBR;D;220129;000000;21820;22370;21570;21980;71023
VTBR;D;220201;000000;22015;22450;21730;22170;56169
VTBR;D;220202;000000;22175;22270;21360;21575;69259
VTBR;D;220203;000000;21590;21855;21190;21470;66838
VTBR;D;220204;000000;21425;21425;20620;20840;58515
VTBR;D;220205;000000;20840;21285;20575;20860;52992
VTBR;D;220208;000000;20825;21045;20515;20770;51363
VTBR;D;220209;000000;20835;21325;20660;21285;67935
VTBR;D;220210;000000;21310;21685;21235;21600;76353
VTBR;D;220211;000000;21550;21640;21050;21150;79876
VTBR;D;220212;000000;21140;21225;20235;20445;84207
VTBR;D;220215;000000;20360;20460;19355;20315;109708
VTBR;D;220216;000000;20350;21135;20335;21120;71859
VTBR;D;220217;000000;21120;21865;21120;21630;86547
VTBR;D;220218;000000;21625;21660;20585;20760;89278
VTBR;D;220219;000000;20780;21090;19565;19800;97320
VTBR;D;220222;000000;19755;20250;13500;16150;340054
VTBR;D;220223;000000;16130;18140;14535;17045;350728
VTBR;D;220224;000000;17045;17155;14710;14750;56885
VTBR;D;220225;000000;14730;14750;5505;10040;167953
VTBR;D;220226;000000;10140;11360;9100;10160;67776
VTBR;D;220325;000000;9650;12760;8575;9855;8757
VTBR;D;220326;000000;10050;10300;8810;9045;7670
VTBR;D;220329;000000;8890;9290;8450;8820;6254
VTBR;D;220330;000000;8840;9335;8645;9170;14264
VTBR;D;220331;000000;9215;9275;8895;9100;8765
VTBR;D;220401;000000;9135;10435;9100;10335;42063
VTBR;D;220402;000000;10395;12315;10395;11850;67638
VTBR;D;220405;000000;11740;13160;11505;13040;70057
VTBR;D;220406;000000;13180;13585;11505;11975;123975
VTBR;D;220407;000000;11905;12080;11000;11330;83101
VTBR;D;220408;000000;11420;11820;11120;11650;42422
VTBR;D;220409;000000;11700;11915;11150;11385;34632
VTBR;D;220412;000000;11340;11560;10915;10965;29061
VTBR;D;220413;000000;11000;11045;10330;10830;40446
VTBR;D;220414;000000;10850;11020;10625;10860;25843
VTBR;D;220415;000000;10870;10975;10105;10145;28460
VTBR;D;220416;000000;10155;10575;9825;10385;53988
VTBR;D;220419;000000;10370;10470;9750;9755;35692
VTBR;D;220420;000000;9855;9955;9170;9585;54072
VTBR;D;220421;000000;9600;9905;9365;9640;57126
VTBR;D;220422;000000;9680;9805;9505;9655;30542
VTBR;D;220423;000000;9555;9985;9515;9635;35620
VTBR;D;220426;000000;9600;9665;9175;9185;28393
VTBR;D;220427;000000;9235;9980;9160;9835;42049
VTBR;D;220428;000000;9860;10250;9660;10200;43774
VTBR;D;220429;000000;10200;10385;9680;9720;45205
VTBR;D;220430;000000;9720;10330;9720;10250;53741
VTBR;D;220505;000000;10170;10400;9905;10030;31715
VTBR;D;220506;000000;10030;10150;9925;10025;15536
VTBR;D;220507;000000;9995;10000;9705;9840;18031
VTBR;D;220512;000000;9845;9990;9715;9815;19653
VTBR;D;220513;000000;9765;9850;9310;9415;25044
VTBR;D;220514;000000;9450;9565;9340;9500;16087
VTBR;D;220517;000000;9430;9690;9405;9640;15484
VTBR;D;220518;000000;9660;9870;9605;9820;15845
VTBR;D;220519;000000;9830;10075;9675;9720;20387
VTBR;D;220520;000000;9740;9780;9560;9685;18391
VTBR;D;220521;000000;9750;9810;9455;9550;18704
VTBR;D;220524;000000;9575;9680;9350;9420;18351
VTBR;D;220525;000000;9385;9530;9125;9480;27449
VTBR;D;220526;000000;9530;9670;9330;9465;27678
VTBR;D;220527;000000;9475;9620;9355;9455;24570
VTBR;D;220528;000000;9480;9525;9325;9360;13524
VTBR;D;220531;000000;9335;9445;9150;9190;19102
VTBR;D;220601;000000;9150;9270;9095;9140;16906
VTBR;D;220602;000000;9185;9355;8905;9275;21332
VTBR;D;220603;000000;9255;9300;8960;9005;17014
VTBR;D;220604;000000;8950;9105;8745;8835;20321
VTBR;D;220607;000000;8835;8880;8635;8695;19513
VTBR;D;220608;000000;8715;8735;8510;8630;20774
VTBR;D;220609;000000;8645;8890;8600;8745;18604
VTBR;D;220610;000000;8675;8740;8510;8565;12772
VTBR;D;220611;000000;8565;8625;8490;8575;11232
VTBR;D;220615;000000;8575;8865;8390;8695;21385
VTBR;D;220616;000000;9135;9335;9085;9115;8796
VTBR;D;220617;000000;9100;9240;8825;9140;10918
VTBR;D;220618;000000;9170;9335;9140;9215;12940
VTBR;D;220621;000000;9270;9655;9215;9620;18233
VTBR;D;220622;000000;9665;9880;9300;9340;19466
VTBR;D;220623;000000;9305;9545;9100;9540;20533
VTBR;D;220624;000000;9550;9735;9365;9565;22178
VTBR;D;220625;000000;9590;9620;9400;9520;18453
VTBR;D;220628;000000;9590;9825;9470;9780;20738
VTBR;D;220629;000000;9790;10000;9640;9935;25801
VTBR;D;220630;000000;9930;9945;9470;9540;24931
VTBR;D;220701;000000;9505;9675;9020;9100;32844
VTBR;D;220702;000000;9095;9320;8855;9130;17127
VTBR;D;220705;000000;9130;9510;9080;9490;17958
VTBR;D;220706;000000;9520;9740;9440;9540;23169
VTBR;D;220707;000000;9505;9780;9470;9530;19061
VTBR;D;220708;000000;9540;9645;9395;9580;11936
VTBR;D;220709;000000;9620;9780;9500;9610;10974
VTBR;D;220712;000000;9590;9640;9275;9340;18112
VTBR;D;220713;000000;9300;9425;9190;9300;17299
VTBR;D;220714;000000;9245;9360;9030;9100;16702
VTBR;D;220715;000000;9115;9245;8995;9060;14768
VTBR;D;220716;000000;9085;9245;8970;9070;18206
VTBR;D;220719;000000;9135;9275;9070;9215;13922
VTBR;D;220720;000000;9215;9400;9060;9390;22239
VTBR;D;220721;000000;9400;9525;9190;9200;21981
VTBR;D;220722;000000;9220;9300;9065;9250;20885
VTBR;D;220723;000000;9230;9405;9215;9290;15933
VTBR;D;220726;000000;9250;9490;9115;9380;12167
VTBR;D;220727;000000;9405;9500;9365;9405;10590
VTBR;D;220728;000000;9425;9565;9310;9390;17436
VTBR;D;220729;000000;9400;9450;9235;9380;10740
VTBR;D;220730;000000;9385;9410;9280;9395;10494
VTBR;D;220802;000000;9400;9425;9195;9210;10407
VTBR;D;220803;000000;9195;9245;9090;9130;10720
VTBR;D;220804;000000;9125;9180;9020;9045;9542
VTBR;D;220805;000000;9055;9125;9005;9110;9046
VTBR;D;220806;000000;9095;9110;8805;8910;19661
VTBR;D;220809;000000;8930;9090;8905;8920;12796
VTBR;D;220810;000000;8930;9045;8850;9020;13195
VTBR;D;220811;000000;9030;9145;8975;9120;13492
VTBR;D;220812;000000;9140;9160;8945;8975;13837
VTBR;D;220813;000000;8980;9080;8890;9045;11261
VTBR;D;220816;000000;9080;9100;8965;9030;9462
VTBR;D;220817;000000;9050;9135;9025;9090;9244
VTBR;D;220818;000000;9110;9310;9110;9170;19564
VTBR;D;220819;000000;9165;9205;9085;9135;9149
VTBR;D;220820;000000;9110;9130;9020;9035;11551
VTBR;D;220823;000000;9025;9125;9000;9075;7922
VTBR;D;220824;000000;9075;9240;9075;9195;10587
VTBR;D;220825;000000;9205;9280;9125;9175;7381
VTBR;D;220826;000000;9185;9250;9085;9125;8535
VTBR;D;220827;000000;9125;9190;9095;9150;5001
VTBR;D;220830;000000;9170;9405;9125;9355;12433
VTBR;D;220831;000000;9340;9525;9310;9405;15248
VTBR;D;220901;000000;9435;10000;9425;9665;19741
VTBR;D;220902;000000;9680;9885;9590;9830;12739
VTBR;D;220903;000000;9875;10110;9775;10090;21902
VTBR;D;220906;000000;10110;10370;9905;10330;19428
VTBR;D;220907;000000;10270;10430;9770;9975;32248
VTBR;D;220908;000000;9980;10240;9870;9970;20540
VTBR;D;220909;000000;9970;10060;9810;9830;14024
VTBR;D;220910;000000;9830;10015;9825;9925;12921
VTBR;D;220913;000000;9925;10145;9695;10080;21341
VTBR;D;220914;000000;10085;10195;9955;9990;13850
VTBR;D;220915;000000;10215;10275;10060;10240;11984
VTBR;D;220916;000000;10240;10310;10165;10245;10774
VTBR;D;220917;000000;10240;10310;10110;10175;12601
VTBR;D;220920;000000;10160;10235;10105;10130;6846
VTBR;D;220921;000000;10140;10170;9135;9390;43744
VTBR;D;220922;000000;9390;9420;8450;8865;38828
VTBR;D;220923;000000;8865;9320;8820;9135;20676
VTBR;D;220924;000000;9105;9220;8580;8640;19564
VTBR;D;220927;000000;8630;8630;7750;7830;44907
VTBR;D;220928;000000;7845;8190;7775;8065;20309
VTBR;D;220929;000000;8095;8200;7550;7895;20134
VTBR;D;220930;000000;7895;8015;7385;7630;23730
VTBR;D;221001;000000;7640;7750;7255;7605;38324
VTBR;D;221004;000000;7575;8050;7540;7980;22706
VTBR;D;221005;000000;7995;8120;7650;7755;26961
VTBR;D;221006;000000;7755;7785;7450;7720;21118
VTBR;D;221007;000000;7730;7845;7630;7670;14121
VTBR;D;221008;000000;7680;7710;7295;7310;17510
VTBR;D;221011;000000;7300;7625;7035;7570;27406
VTBR;D;221012;000000;7565;7755;7470;7695;16920
VTBR;D;221013;000000;7710;7780;7630;7700;10353
VTBR;D;221014;000000;7720;7840;7635;7740;18161
VTBR;D;221015;000000;7725;7790;7535;7665;24512
VTBR;D;221018;000000;7675;8030;7655;8005;21276
VTBR;D;221019;000000;8010;8275;7900;7975;26363
VTBR;D;221020;000000;7980;8050;7820;7980;24511
VTBR;D;221021;000000;7985;8215;7970;8120;18820
VTBR;D;221022;000000;8120;8220;7975;8195;15918
VTBR;D;221025;000000;8210;8350;8025;8115;22355
VTBR;D;221026;000000;8125;8470;8095;8365;20170
VTBR;D;221027;000000;8365;8550;8300;8465;22205
VTBR;D;221028;000000;8465;8585;8390;8500;17493
VTBR;D;221029;000000;8490;8930;8325;8545;21248
VTBR;D;221101;000000;8535;8645;8455;8505;15805
VTBR;D;221102;000000;8515;8575;8460;8495;8947
VTBR;D;221103;000000;8510;8525;8190;8290;12834
VTBR;D;221104;000000;8290;8310;8130;8265;14660
VTBR;D;221108;000000;8285;8515;8265;8500;17924
VTBR;D;221109;000000;8495;8790;8425;8695;27746
VTBR;D;221110;000000;8695;8750;8325;8345;33763
VTBR;D;221111;000000;8330;8735;8325;8710;30099
VTBR;D;221112;000000;8720;8795;8555;8630;19734
VTBR;D;221115;000000;8650;8915;8595;8765;29026
VTBR;D;221116;000000;8765;8880;8220;8455;36782
VTBR;D;221117;000000;8470;8655;8435;8585;16024
VTBR;D;221118;000000;8580;8725;8520;8615;15647
VTBR;D;221119;000000;8610;8650;8495;8565;11452
VTBR;D;221122;000000;8550;8585;8375;8475;14748
VTBR;D;221123;000000;8460;8555;8435;8535;11163
VTBR;D;221124;000000;8530;8665;8485;8565;13505
VTBR;D;221125;000000;8575;8650;8525;8570;9060
VTBR;D;221126;000000;8550;8590;8500;8525;11281
VTBR;D;221129;000000;8510;8510;8360;8440;12897
VTBR;D;221130;000000;8450;8505;8445;8485;8588
VTBR;D;221201;000000;8475;8500;8440;8500;5701
VTBR;D;221202;000000;8500;8555;8430;8495;11940
VTBR;D;221203;000000;8500;8500;8405;8430;10294
VTBR;D;221206;000000;8440;8655;8415;8495;25718
VTBR;D;221207;000000;8510;8575;8110;8360;39074
VTBR;D;221208;000000;8345;8495;8175;8430;38889
VTBR;D;221209;000000;8415;8485;8330;8360;13740
VTBR;D;221210;000000;8355;8425;8330;8365;13553
VTBR;D;221213;000000;8365;8400;8310;8350;10708
VTBR;D;221214;000000;8345;8375;8280;8325;13592
VTBR;D;221215;000000;8490;8505;8325;8360;12740
VTBR;D;221216;000000;8360;8390;8180;8225;18076
VTBR;D;221217;000000;8215;8310;8190;8245;9098
VTBR;D;221220;000000;8245;8275;8150;8150;11045
VTBR;D;221221;000000;8150;8350;8075;8345;17758
VTBR;D;221222;000000;8350;8450;8260;8315;16142
VTBR;D;221223;000000;8325;8765;8315;8660;33052
VTBR;D;221224;000000;8680;8725;8585;8605;18905
VTBR;D;221227;000000;8605;8730;8605;8690;10809
VTBR;D;221228;000000;8705;8780;8610;8655;12273
VTBR;D;221229;000000;8645;8675;8195;8350;78021
VTBR;D;221230;000000;8370;8485;8300;8450;19171
VTBR;D;221231;000000;8435;8475;8325;8335;16250
VTBR;D;230104;000000;8335;8385;8295;8325;10382
VTBR;D;230105;000000;8320;8385;8285;8355;10474
VTBR;D;230106;000000;8335;8355;8225;8265;6666
VTBR;D;230107;000000;8260;8280;8175;8195;10634
VTBR;D;230110;000000;8215;8390;8205;8345;22357
VTBR;D;230111;000000;8345;8345;8265;8295;10019
VTBR;D;230112;000000;8290;8500;8270;8460;25931
VTBR;D;230113;000000;8460;8500;8380;8410;13262
VTBR;D;230114;000000;8410;8525;8345;8435;21791
VTBR;D;230117;000000;8435;8695;8430;8680;25253
VTBR;D;230118;000000;8690;8690;8450;8450;25862
VTBR;D;230119;000000;8450;8585;8425;8485;22221
VTBR;D;230120;000000;8475;8510;8350;8430;28930
VTBR;D;230121;000000;8430;8470;8360;8450;13764
VTBR;D;230124;000000;8455;8545;8450;8520;16365
VTBR;D;230125;000000;8510;8560;8365;8380;17137
VTBR;D;230126;000000;8390;8465;8255;8410;24415
VTBR;D;230127;000000;8425;8450;8355;8380;15726
VTBR;D;230128;000000;8390;8425;8355;8375;13826
VTBR;D;230131;000000;8370;8580;8000;8485;40449
VTBR;D;230201;000000;8490;8590;8475;8575;22287
VTBR;D;230202;000000;8575;8775;8540;8645;44638
VTBR;D;230203;000000;8655;8695;8500;8575;23986
VTBR;D;230204;000000;8570;8600;8385;8530;29645
VTBR;D;230207;000000;8520;8645;8505;8625;17423
VTBR;D;230208;000000;8620;8750;8515;8630;37703
VTBR;D;230209;000000;8615;8715;8565;8575;21625
VTBR;D;230210;000000;8595;8615;8510;8555;17181
VTBR;D;230211;000000;8565;8575;8530;8545;9469
VTBR;D;230214;000000;8540;8575;8445;8475;13799
VTBR;D;230215;000000;8480;8490;8290;8470;23211
VTBR;D;230216;000000;8470;8470;8075;8075;29959
VTBR;D;230217;000000;8085;8225;7980;8045;28053
VTBR;D;230218;000000;8050;8145;7985;8065;16392
VTBR;D;230221;000000;8080;8230;8005;8160;28739
VTBR;D;230222;000000;8150;8380;8140;8260;27344
VTBR;D;230223;000000;8245;8270;8180;8215;9168
VTBR;D;230225;000000;8200;8255;8080;8130;16291
VTBR;D;230228;000000;8120;8325;8090;8245;17713
VTBR;D;230301;000000;8255;8350;8200;8265;18060
VTBR;D;230302;000000;8250;8375;8250;8360;15779
VTBR;D;230303;000000;8355;8405;8140;8225;24732
VTBR;D;230304;000000;8225;8330;8215;8330;15593
VTBR;D;230307;000000;8330;8440;8320;8405;17803
VTBR;D;230308;000000;8410;8450;8355;8400;13510
VTBR;D;230310;000000;8400;8430;8335;8340;9680
VTBR;D;230311;000000;8335;8340;8220;8255;21796
VTBR;D;230314;000000;8270;8345;8175;8240;21504
VTBR;D;230315;000000;8230;8325;8200;8270;15341
VTBR;D;230316;000000;8475;8530;8350;8425;14655
VTBR;D;230317;000000;8420;8435;8315;8385;13058
VTBR;D;230318;000000;8385;8575;8380;8520;24094
VTBR;D;230321;000000;8525;9780;8525;9665;145971
VTBR;D;230322;000000;9665;9845;9205;9295;112436
VTBR;D;230323;000000;9290;9465;9250;9380;51838
VTBR;D;230324;000000;9380;9445;9180;9255;30697
VTBR;D;230325;000000;9240;9285;9010;9100;47582
VTBR;D;230328;000000;9085;9385;9070;9325;35564
VTBR;D;230329;000000;9330;9395;9170;9310;25366
VTBR;D;230330;000000;9310;9385;9230;9300;24058
VTBR;D;230331;000000;9300;9375;9280;9330;13694
VTBR;D;230401;000000;9320;9380;9085;9210;34320
VTBR;D;230404;000000;9215;10120;9165;10080;98558
VTBR;D;230405;000000;10085;10605;9990;10285;135717
VTBR;D;230406;000000;10265;10310;9500;9570;161660
VTBR;D;230407;000000;9555;9710;9380;9495;79993
VTBR;D;230408;000000;9495;9550;9425;9535;27186
VTBR;D;230411;000000;9535;9650;9535;9645;42127
VTBR;D;230412;000000;9650;9695;9285;9390;55113
VTBR;D;230413;000000;9410;9490;9335;9420;22800
VTBR;D;230414;000000;9435;9500;9315;9415;21431
VTBR;D;230415;000000;9390;9450;9290;9425;16886
VTBR;D;230418;000000;9430;9800;9425;9745;63882
VTBR;D;230419;000000;9735;9775;9600;9755;35517
VTBR;D;230420;000000;9745;10000;9500;9735;82649
VTBR;D;230421;000000;9735;10200;9700;10055;85581
VTBR;D;230422;000000;10070;10165;9960;10110;35903
VTBR;D;230425;000000;10100;10320;10005;10055;55422
VTBR;D;230426;000000;10050;10130;9845;9930;50757
VTBR;D;230427;000000;9925;10465;9910;10400;101521
VTBR;D;230428;000000;10390;11300;10385;11200;200258
VTBR;D;230429;000000;11200;11420;10860;11100;159893
VTBR;D;230503;000000;11110;11400;10560;10930;167677
VTBR;D;230504;000000;10915;10925;10425;10510;122897
VTBR;D;230505;000000;10495;10670;10325;10545;76019
VTBR;D;230506;000000;10550;10905;10475;10620;114668
VTBR;D;230509;000000;10620;10730;10405;10425;47149
VTBR;D;230511;000000;10445;11150;10440;11115;120179
VTBR;D;230512;000000;11105;11270;10680;10900;114826
VTBR;D;230513;000000;10905;11010;10735;10900;63940
VTBR;D;230516;000000;10890;11305;10885;11290;58211
VTBR;D;230517;000000;11295;11390;11055;11205;52151
VTBR;D;230518;000000;11210;11800;11105;11725;135491
VTBR;D;230519;000000;11735;12090;11455;11665;180875
VTBR;D;230520;000000;11670;11850;11450;11630;90472
VTBR;D;230523;000000;11635;11820;11355;11490;88727
VTBR;D;230524;000000;11500;11940;11400;11860;168126
VTBR;D;230525;000000;11880;12070;11675;11880;132184
VTBR;D;230526;000000;11890;11965;11505;11645;119814
VTBR;D;230527;000000;11645;11865;11460;11700;114703
VTBR;D;230530;000000;11705;11845;11530;11665;103197
VTBR;D;230531;000000;11655;11655;11170;11235;157766
VTBR;D;230601;000000;11220;11245;10955;11120;110946
VTBR;D;230602;000000;11110;11210;10635;10705;111542
VTBR;D;230603;000000;10700;11425;9965;11350;589393
VTBR;D;230606;000000;11350;11520;10880;10985;167755
VTBR;D;230607;000000;10970;11325;10770;11190;144844
VTBR;D;230608;000000;11185;11650;11155;11510;182560
VTBR;D;230609;000000;11495;11605;11355;11370;91468
VTBR;D;230610;000000;11380;11530;11330;11405;67505
VTBR;D;230614;000000;11405;11670;11405;11540;84889
VTBR;D;230615;000000;11805;11915;11760;11790;31007
VTBR;D;230616;000000;11800;11840;11640;11800;58055
VTBR;D;230617;000000;11795;11895;11625;11740;50130
VTBR;D;230620;000000;11730;11785;11655;11675;40718
VTBR;D;230621;000000;11685;11700;11405;11575;59930
VTBR;D;230622;000000;11585;11735;11515;11620;47998
VTBR;D;230623;000000;11615;11650;10855;11425;58032
VTBR;D;230624;000000;11425;11485;11060;11170;104137
VTBR;D;230627;000000;11170;11425;10930;11135;84479
VTBR;D;230628;000000;11125;11265;11040;11115;48687
VTBR;D;230629;000000;11115;11200;11010;11050;35680
VTBR;D;230630;000000;11050;11180;10995;11125;33973
VTBR;D;230701;000000;11135;11180;11005;11050;30193
VTBR;D;230704;000000;11060;11295;11050;11290;66864
VTBR;D;230705;000000;11285;11550;11265;11430;75990
VTBR;D;230706;000000;11435;11540;11325;11440;37977
VTBR;D;230707;000000;11420;11505;11355;11420;47934
VTBR;D;230708;000000;11420;11450;11225;11435;31287
VTBR;D;230711;000000;11440;11725;11410;11690;49351
VTBR;D;230712;000000;11720;11920;11645;11870;87088
VTBR;D;230713;000000;11880;11940;11720;11790;51796
VTBR;D;230714;000000;11810;11875;11640;11700;40882
VTBR;D;230715;000000;11710;11850;11645;11825;32588
VTBR;D;230718;000000;11800;11835;11665;11790;33586
VTBR;D;230719;000000;11795;12025;11790;11945;55787
VTBR;D;230720;000000;11955;12010;11830;11855;33024
VTBR;D;230721;000000;11855;11925;11550;11570;64812
VTBR;D;230722;000000;11570;11740;11560;11690;35697
VTBR;D;230725;000000;11700;11820;11660;11790;28329
VTBR;D;230726;000000;11805;11865;11755;11820;27639
VTBR;D;230727;000000;11815;11945;11775;11935;34530
VTBR;D;230728;000000;11935;12700;11925;12620;127336
VTBR;D;230729;000000;12630;12690;12425;12605;60089
VTBR;D;230801;000000;12615;13080;12615;13050;81208
VTBR;D;230802;000000;13080;13180;12815;12950;81267
VTBR;D;230803;000000;12935;13015;12775;12930;49420
VTBR;D;230804;000000;12950;13840;12845;13735;169015
VTBR;D;230805;000000;13735;13950;13105;13360;199813
VTBR;D;230808;000000;13385;13635;12930;13155;88931
VTBR;D;230809;000000;13150;13420;12840;13415;136670
VTBR;D;230810;000000;13420;13550;13165;13355;75778
VTBR;D;230811;000000;13370;14425;13340;14355;178721
VTBR;D;230812;000000;14360;14475;14100;14245;80289
VTBR;D;230815;000000;14285;14510;13760;13825;124387
VTBR;D;230816;000000;13825;14085;13635;13730;92466
VTBR;D;230817;000000;13735;13825;13275;13500;111913
VTBR;D;230818;000000;13510;14130;13405;14005;93679
VTBR;D;230819;000000;13975;14215;13900;14135;100534
VTBR;D;230822;000000;14135;14325;13965;14050;59637
VTBR;D;230823;000000;14065;14115;13885;13995;43394
VTBR;D;230824;000000;13995;14065;13525;13645;73499
VTBR;D;230825;000000;13650;13950;13600;13920;62087
VTBR;D;230826;000000;13925;14145;13870;14050;55233
VTBR;D;230829;000000;14075;14345;14070;14315;58909
VTBR;D;230830;000000;14335;14420;14140;14230;56190
VTBR;D;230831;000000;14220;14275;14035;14145;43209
VTBR;D;230901;000000;14150;14685;14150;14525;101762
VTBR;D;230902;000000;14550;14605;14385;14510;39260
VTBR;D;230905;000000;14545;14800;14460;14755;50474
VTBR;D;230906;000000;14765;14785;14450;14595;52078
VTBR;D;230907;000000;14600;14680;14250;14345;48089
VTBR;D;230908;000000;14360;14435;13640;13855;105836
VTBR;D;230909;000000;13885;13955;13450;13655;93953
VTBR;D;230912;000000;13660;13850;13335;13410;87687
VTBR;D;230913;000000;13405;13765;13395;13730;61983
VTBR;D;230914;000000;13710;13710;13325;13375;31116
VTBR;D;230915;000000;13405;13475;13020;13375;87916
VTBR;D;230916;000000;13365;13635;13300;13575;46074
VTBR;D;230919;000000;13590;13725;13360;13465;45293
VTBR;D;230920;000000;13470;13490;12850;12910;93581
VTBR;D;230921;000000;13365;13540;12985;13315;84590
VTBR;D;230922;000000;13320;13360;12850;12875;110098
VTBR;D;230923;000000;12875;13100;12785;13040;83972
VTBR;D;230926;000000;13065;13185;12900;13035;58918
VTBR;D;230927;000000;13050;13315;12820;13230;88353
VTBR;D;230928;000000;13235;13410;13135;13290;51727
VTBR;D;230929;000000;13295;13440;13195;13430;51284
VTBR;D;230930;000000;13430;13540;13250;13340;61401
VTBR;D;231003;000000;13350;13450;13055;13115;56964
VTBR;D;231004;000000;13115;13160;12915;13085;55311
VTBR;D;231005;000000;13085;13155;12870;12910;39920
VTBR;D;231006;000000;12900;13000;12740;12835;67767
VTBR;D;231007;000000;12835;13345;12710;13000;64863
VTBR;D;231010;000000;13020;13215;12995;13125;76648
VTBR;D;231011;000000;13145;13165;12990;13065;44556
VTBR;D;231012;000000;13075;13180;12715;12765;77250
VTBR;D;231013;000000;12765;12930;12705;12925;43685
VTBR;D;231014;000000;12925;13125;12835;13030;45490
VTBR;D;231017;000000;13035;13385;13035;13345;55850
VTBR;D;231018;000000;13350;13565;13250;13440;53746
VTBR;D;231019;000000;13450;13520;13205;13370;50157
VTBR;D;231020;000000;13360;13510;13255;13410;35768
VTBR;D;231021;000000;13415;13445;13165;13300;59095
VTBR;D;231024;000000;13295;13445;13280;13350;32448
VTBR;D;231025;000000;13360;13665;13295;13595;62835
VTBR;D;231026;000000;13585;13700;13410;13445;47776
VTBR;D;231027;000000;13435;13505;13010;13025;78892
VTBR;D;231028;000000;13010;13125;12750;12910;83189
VTBR;D;231031;000000;12920;13020;12780;12790;39001
VTBR;D;231101;000000;12800;12965;12710;12905;40349
VTBR;D;231102;000000;12910;13040;12825;12865;33807
VTBR;D;231103;000000;12880;12925;12740;12785;32651
VTBR;D;231104;000000;12770;12825;12585;12685;33154
VTBR;D;231107;000000;12715;12940;12690;12925;32536
VTBR;D;231108;000000;12925;13045;12820;12855;40740
VTBR;D;231109;000000;12850;12985;12795;12890;29751
VTBR;D;231110;000000;12890;12910;12730;12750;27210
VTBR;D;231111;000000;12760;12830;12675;12700;30258
VTBR;D;231114;000000;12710;12750;12600;12620;28448
VTBR;D;231115;000000;12620;12630;12230;12275;79593
VTBR;D;231116;000000;12280;12545;12235;12460;45070
VTBR;D;231117;000000;12460;12510;12255;12255;31817
VTBR;D;231118;000000;12255;12410;12175;12395;38162
VTBR;D;231121;000000;12405;12490;12315;12375;22074
VTBR;D;231122;000000;12380;12475;12320;12440;18022
VTBR;D;231123;000000;12455;12785;12430;12770;51624
VTBR;D;231124;000000;12750;12850;12630;12645;27955
VTBR;D;231125;000000;12660;12760;12515;12590;33449
VTBR;D;231128;000000;12585;12660;12280;12285;48312
VTBR;D;231129;000000;12300;12360;12035;12205;52473
VTBR;D;231130;000000;12205;12295;12070;12085;29451
VTBR;D;231201;000000;12085;12125;11870;12075;46059
VTBR;D;231202;000000;12080;12190;11885;11900;58789
VTBR;D;231205;000000;11910;11910;11360;11415;64294
VTBR;D;231206;000000;11445;11555;11265;11530;70542
VTBR;D;231207;000000;11545;11615;11060;11110;87630
VTBR;D;231208;000000;11110;11500;11100;11280;68783
VTBR;D;231209;000000;11295;11390;11130;11180;34173
VTBR;D;231212;000000;11190;11340;10925;11070;63935
VTBR;D;231213;000000;11070;11515;11070;11205;106211
VTBR;D;231214;000000;11195;11465;11130;11450;63688
VTBR;D;231215;000000;11455;11650;11245;11350;62467
VTBR;D;231216;000000;11350;11875;11285;11785;90205
VTBR;D;231219;000000;11785;12005;11700;11775;60141
VTBR;D;231220;000000;11775;11785;11550;11780;50805
VTBR;D;231221;000000;12280;12360;12185;12225;23724
VTBR;D;231222;000000;12220;12270;11880;12025;52676
VTBR;D;231223;000000;12025;12170;11920;12000;54137
VTBR;D;231226;000000;12010;12120;11895;12055;43392
VTBR;D;231227;000000;12055;12120;11975;12090;33866
VTBR;D;231228;000000;12090;12110;11870;11915;39600
VTBR;D;231229;000000;11930;11960;11790;11805;36685
VTBR;D;231230;000000;11820;11935;11605;11765;33659
VTBR;D;240104;000000;11770;11925;11725;11905;19671
VTBR;D;240105;000000;11915;12010;11875;11960;20197
VTBR;D;240106;000000;11955;12390;11935;12390;62122
VTBR;D;240109;000000;12370;12795;12325;12775;69180
VTBR;D;240110;000000;12755;12830;12585;12700;39653
VTBR;D;240111;000000;12700;12770;12460;12555;35138
VTBR;D;240112;000000;12560;13030;12470;12970;79315
VTBR;D;240113;000000;13000;13050;12835;12915;34214
VTBR;D;240116;000000;12915;12970;12715;12795;30573
VTBR;D;240117;000000;12760;12935;12630;12865;34757
VTBR;D;240118;000000;12860;13025;12815;12865;32445
VTBR;D;240119;000000;12865;12920;12590;12635;35956
VTBR;D;240120;000000;12635;12755;12545;12620;39215
VTBR;D;240123;000000;12655;12830;12520;12755;24558
VTBR;D;240124;000000;12750;12810;12600;12630;25079
VTBR;D;240125;000000;12620;12715;12350;12410;46329
VTBR;D;240126;000000;12410;12540;12330;12525;32352
VTBR;D;240127;000000;12510;12590;12365;12380;24980
VTBR;D;240130;000000;12390;12520;12365;12475;16845
VTBR;D;240131;000000;12485;12705;12460;12555;44215
VTBR;D;240201;000000;12560;12650;12505;12570;23538
VTBR;D;240202;000000;12570;12740;12550;12605;30577
VTBR;D;240203;000000;12625;12680;12460;12510;30316
VTBR;D;240206;000000;12515;12595;12435;12490;27228
VTBR;D;240207;000000;12490;12535;12380;12460;20257
VTBR;D;240208;000000;12455;12665;12445;12625;45533
VTBR;D;240209;000000;12615;12760;12375;12380;52823
VTBR;D;240210;000000;12380;12485;12255;12430;30277
VTBR;D;240213;000000;12445;12540;12415;12455;22680
VTBR;D;240214;000000;12465;12585;12340;12430;36354
VTBR;D;240215;000000;12430;12575;12395;12485;42609
VTBR;D;240216;000000;12475;12500;12345;12415;57271
VTBR;D;240217;000000;12425;12600;12225;12345;69842
VTBR;D;240220;000000;12350;12725;12330;12680;94677
VTBR;D;240221;000000;12685;12715;11825;11970;167774
VTBR;D;240222;000000;11970;12095;11605;11730;180834
VTBR;D;240223;000000;11720;11940;11590;11750;94406
VTBR;D;240227;000000;11855;12065;11850;11945;79605
VTBR;D;240228;000000;11940;11995;11745;11835;43756
VTBR;D;240229;000000;11840;11920;11725;11785;34512
VTBR;D;240301;000000;11800;11925;11730;11835;43107
VTBR;D;240302;000000;11840;12100;11805;11955;81800
VTBR;D;240305;000000;11985;12055;11955;12010;31971
VTBR;D;240306;000000;12020;12045;11835;11865;36593
VTBR;D;240307;000000;11875;11930;11795;11845;26989
VTBR;D;240308;000000;11845;11880;11685;11740;29712
VTBR;D;240312;000000;11745;11800;11660;11725;29647
VTBR;D;240313;000000;11735;11775;11610;11755;32473
VTBR;D;240314;000000;11750;11825;11700;11760;31988
VTBR;D;240315;000000;11750;11770;11525;11605;36816
VTBR;D;240316;000000;11615;11660;11565;11620;28260
VTBR;D;240319;000000;11630;11700;11440;11470;42678
VTBR;D;240320;000000;11480;11500;11125;11215;81484
VTBR;D;240321;000000;11735;11800;11605;11770;56773
VTBR;D;240322;000000;11765;11865;11650;11750;51570
VTBR;D;240323;000000;11735;11805;11455;11580;68356
VTBR;D;240326;000000;11600;11800;11550;11785;37043
VTBR;D;240327;000000;11785;11840;11715;11765;27371
VTBR;D;240328;000000;11770;11800;11660;11765;29725
VTBR;D;240329;000000;11765;11845;11715;11740;27110
VTBR;D;240330;000000;11745;11945;11725;11900;39876
VTBR;D;240402;000000;11915;12115;11905;12085;50886
VTBR;D;240403;000000;12085;12325;11955;12250;60699
VTBR;D;240404;000000;12250;12440;12165;12285;76452
VTBR;D;240405;000000;12305;12600;12230;12410;65507
VTBR;D;240406;000000;12425;12490;12325;12375;40499
VTBR;D;240409;000000;12390;12525;12350;12435;32342
VTBR;D;240410;000000;12435;12500;12180;12235;48416
VTBR;D;240411;000000;12245;12300;12110;12270;36005
VTBR;D;240412;000000;12275;12335;12190;12245;28936
VTBR;D;240413;000000;12270;12450;12230;12330;43809
VTBR;D;240416;000000;12335;12435;12220;12255;38859
VTBR;D;240417;000000;12255;12300;12155;12250;31556
VTBR;D;240418;000000;12235;12290;12130;12225;27651
VTBR;D;240419;000000;12230;12315;12225;12280;18723
VTBR;D;240420;000000;12270;12375;12260;12310;28673
VTBR;D;240423;000000;12315;12420;12260;12420;34298
VTBR;D;240424;000000;12425;12490;12115;12170;59492
VTBR;D;240425;000000;12175;12245;11900;12015;48236
VTBR;D;240426;000000;12025;12245;11975;12140;51521
VTBR;D;240427;000000;12140;12215;12020;12070;35829
VTBR;D;240428;000000;12075;12105;11770;11940;48286
VTBR;D;240430;000000;11940;12150;11925;12060;24173
VTBR;D;240501;000000;12070;12110;11955;11965;17223
VTBR;D;240503;000000;11980;12025;11855;11900;26572
VTBR;D;240504;000000;11910;11930;11765;11765;25923
VTBR;D;240507;000000;11775;11830;11680;11760;45686
VTBR;D;240508;000000;11765;11815;11690;11790;20328
VTBR;D;240509;000000;11785;11895;11750;11765;25489
VTBR;D;240511;000000;11795;11830;11760;11775;12445
VTBR;D;240514;000000;11795;11895;11700;11765;36923
VTBR;D;240515;000000;11775;11790;11665;11750;16992
VTBR;D;240516;000000;11765;11845;11730;11820;23943
VTBR;D;240517;000000;11815;11920;11805;11820;27489
VTBR;D;240518;000000;11840;11845;11705;11725;20952
VTBR;D;240521;000000;11730;11795;11415;11480;53911
VTBR;D;240522;000000;11500;11520;11285;11410;51910
VTBR;D;240523;000000;11420;11495;11370;11425;27619
VTBR;D;240524;000000;11425;11535;11305;11430;38641
VTBR;D;240525;000000;11430;11785;11150;11155;101813
VTBR;D;240528;000000;11200;11360;10360;10630;191875
VTBR;D;240529;000000;10630;10820;10410;10550;132847
VTBR;D;240530;000000;10525;10680;10395;10625;87541
VTBR;D;240531;000000;10625;10680;10180;10230;159094
VTBR;D;240601;000000;10225;10285;9845;9980;142601
VTBR;D;240604;000000;10060;10125;9525;10020;154680
VTBR;D;240605;000000;10050;10275;9935;10270;127909
VTBR;D;240606;000000;10275;10435;10035;10135;139076
VTBR;D;240607;000000;10145;10180;10025;10095;66738
VTBR;D;240608;000000;10100;10465;10095;10255;109994
VTBR;D;240611;000000;10285;10475;10095;10230;83681
VTBR;D;240612;000000;10250;10260;9825;9950;114451
VTBR;D;240614;000000;9745;10155;9345;10110;93023
VTBR;D;240615;000000;10105;10200;9985;10105;47189
VTBR;D;240618;000000;10155;10325;10070;10210;66750
VTBR;D;240619;000000;10215;10290;9815;9935;90057
VTBR;D;240620;000000;9915;9950;9490;9630;99606
VTBR;D;240621;000000;9590;9850;9010;9805;57320
VTBR;D;240718;000000;10210;10413;10035;10087;7998
VTBR;D;240719;000000;10085;10362;10011;10331;8525
VTBR;D;240720;000000;10349;10516;10258;10407;15541
VTBR;D;240723;000000;10415;10783;10365;10740;11735
VTBR;D;240724;000000;10740;10931;10627;10836;24804
VTBR;D;240725;000000;10835;10952;10738;10769;9125
VTBR;D;240726;000000;10760;10760;10554;10664;14162
VTBR;D;240727;000000;10666;10867;10312;10446;28068
VTBR;D;240730;000000;10380;10380;10019;10075;33168
VTBR;D;240731;000000;10059;10709;10000;10638;55328
VTBR;D;240801;000000;10658;10730;10431;10519;43262
VTBR;D;240802;000000;10520;10691;10476;10526;38067
VTBR;D;240803;000000;10526;10592;10381;10461;36889
VTBR;D;240806;000000;10441;10441;10135;10231;56440
VTBR;D;240807;000000;10275;10450;10228;10295;34643
VTBR;D;240808;000000;10311;10570;10190;10511;40687
VTBR;D;240809;000000;10514;10600;10282;10366;30837
VTBR;D;240810;000000;10332;10460;10304;10366;24733
VTBR;D;240813;000000;10338;10509;10298;10435;36802
VTBR;D;240814;000000;10451;10736;10451;10709;38184
VTBR;D;240815;000000;10720;10845;10582;10613;35260
VTBR;D;240816;000000;10619;10709;10520;10564;21999
VTBR;D;240817;000000;10575;10606;10315;10420;29177
VTBR;D;240820;000000;10420;10511;10340;10474;29772
VTBR;D;240821;000000;10494;10670;10457;10546;32111
VTBR;D;240822;000000;10550;10643;10492;10619;22051
VTBR;D;240823;000000;10630;10667;10135;10261;56194
VTBR;D;240824;000000;10260;10377;10000;10234;62776
VTBR;D;240827;000000;10320;10587;10320;10570;66635
VTBR;D;240828;000000;10569;10623;10303;10319;27222
VTBR;D;240829;000000;10312;10371;10100;10346;60105
VTBR;D;240830;000000;10365;10400;10150;10237;30406
VTBR;D;240831;000000;10237;10254;9702;9702;79448
VTBR;D;240903;000000;9680;9714;9080;9160;100559
VTBR;D;240904;000000;9188;9497;8961;9176;109878
VTBR;D;240905;000000;9175;9507;9124;9465;76345
VTBR;D;240906;000000;9476;9580;9249;9289;61562
VTBR;D;240907;000000;9290;9351;9196;9277;39628
VTBR;D;240910;000000;9280;9631;9280;9620;61500
VTBR;D;240911;000000;9620;9666;9317;9409;59180
VTBR;D;240912;000000;9400;9443;9172;9201;57559
VTBR;D;240913;000000;9201;9245;8933;9042;144006
VTBR;D;240914;000000;9045;9167;8800;9153;143351
VTBR;D;240917;000000;9169;9408;9163;9310;60061
VTBR;D;240918;000000;9312;9475;9215;9474;38744
VTBR;D;240919;000000;9460;9527;9158;9227;48928
VTBR;D;240920;000000;9239;9371;9189;9291;47525
VTBR;D;240921;000000;9291;9407;9271;9347;38973
VTBR;D;240924;000000;9359;9655;9351;9620;60540
VTBR;D;240925;000000;9623;9974;9468;9671;141837
VTBR;D;240926;000000;9678;9861;9420;9467;128321
VTBR;D;240927;000000;9460;9564;9367;9469;58339
VTBR;D;240928;000000;9469;9524;9403;9453;38767
VTBR;D;241001;000000;9460;9515;9254;9265;52352
VTBR;D;241002;000000;9254;9265;8987;9103;90329
VTBR;D;241003;000000;9113;9160;8850;8970;78589
VTBR;D;241004;000000;8952;9098;8802;9054;98374
VTBR;D;241005;000000;9076;9099;8953;9004;41909
VTBR;D;241008;000000;9009;9047;8852;8971;49453
VTBR;D;241009;000000;8975;8989;8855;8894;65996
VTBR;D;241010;000000;8895;9290;8822;9262;84647
VTBR;D;241011;000000;9261;9270;8902;8941;104261
VTBR;D;241012;000000;8922;8929;8813;8851;55320
VTBR;D;241015;000000;8851;8994;8744;8954;108673
VTBR;D;241016;000000;8954;9014;8907;8953;37431
VTBR;D;241017;000000;8970;9047;8809;8866;58917
VTBR;D;241018;000000;8859;8882;8751;8777;41830
VTBR;D;241019;000000;8784;8870;8667;8767;59719
VTBR;D;241022;000000;8765;8785;8685;8728;37639
VTBR;D;241023;000000;8727;8776;8611;8625;42003
VTBR;D;241024;000000;8618;8759;8461;8506;96604
VTBR;D;241025;000000;8496;8550;8392;8539;53792
VTBR;D;241026;000000;8532;8594;8220;8249;121133
VTBR;D;241029;000000;8199;8250;7734;7848;179975
VTBR;D;241030;000000;7845;8031;7705;7972;92062
VTBR;D;241031;000000;7960;8067;7820;7846;78628
VTBR;D;241101;000000;7846;7864;7681;7731;76161
VTBR;D;241102;000000;7730;7894;7660;7886;62800
VTBR;D;241103;000000;7886;7938;7845;7904;37813
VTBR;D;241106;000000;7923;8014;7879;7923;65709
VTBR;D;241107;000000;8027;8183;7956;8019;97818
VTBR;D;241108;000000;8037;8120;7838;8098;69732
VTBR;D;241109;000000;8140;8224;7967;8200;99565
VTBR;D;241112;000000;8250;8388;8201;8343;106857
VTBR;D;241113;000000;8345;8345;8188;8241;59953
VTBR;D;241114;000000;8219;8308;8099;8102;77581
VTBR;D;241115;000000;8108;8184;8036;8080;89642
VTBR;D;241116;000000;8073;8215;8026;8211;38729
VTBR;D;241119;000000;8106;8186;7980;8031;66141
VTBR;D;241120;000000;8028;8076;7786;7844;84418
VTBR;D;241121;000000;7851;7916;7630;7684;86540
VTBR;D;241122;000000;7686;7746;7516;7736;115189
VTBR;D;241123;000000;7729;7764;7488;7499;72565
VTBR;D;241126;000000;7490;7530;7080;7102;187383
VTBR;D;241127;000000;7122;7338;6859;6900;226290
VTBR;D;241128;000000;6912;7089;6655;7083;220082
VTBR;D;241129;000000;7091;7144;6846;6995;156670
VTBR;D;241130;000000;6999;7116;6941;7013;99367
VTBR;D;241203;000000;7002;7088;6955;6987;76540
VTBR;D;241204;000000;6990;7007;6760;6785;92517
VTBR;D;241205;000000;6803;6965;6547;6566;174930
VTBR;D;241206;000000;6596;6777;6474;6752;212525
VTBR;D;241207;000000;6783;6857;6644;6804;116679
VTBR;D;241210;000000;6818;6920;6789;6855;68792
VTBR;D;241211;000000;6856;6857;6693;6715;84100
VTBR;D;241212;000000;6711;6820;6680;6817;83125
VTBR;D;241213;000000;6818;6889;6643;6662;74974
VTBR;D;241214;000000;6663;6717;6589;6650;90844
VTBR;D;241217;000000;6649;6649;6397;6439;101516
VTBR;D;241218;000000;6430;6489;6370;6434;74492
VTBR;D;241219;000000;6855;6960;6381;6510;44192
VTBR;D;241220;000000;6956;7031;6908;7009;96452
VTBR;D;241221;000000;7003;7711;6977;7688;176983
VTBR;D;241224;000000;7698;7866;7677;7795;89318
VTBR;D;241225;000000;7800;7811;7601;7683;132417
VTBR;D;241226;000000;7668;7970;7566;7932;121712
VTBR;D;241227;000000;7930;8039;7839;7855;99922
VTBR;D;241228;000000;7851;7955;7820;7902;66648
VTBR;D;241229;000000;7908;8108;7908;8051;54335
VTBR;D;241231;000000;8032;8318;8011;8306;65990
VTBR;D;250104;000000;8307;8331;7990;8029;59649
VTBR;D;250107;000000;8011;8061;7915;8044;38179
VTBR;D;250109;000000;8055;8173;8040;8127;41089
VTBR;D;250110;000000;8121;8163;7843;7860;77486
VTBR;D;250111;000000;7866;8232;7800;8214;92403
VTBR;D;250114;000000;8240;8395;8163;8225;65676
VTBR;D;250115;000000;8201;8536;8127;8434;64621
VTBR;D;250116;000000;8411;8606;8278;8547;75228
VTBR;D;250117;000000;8548;8800;8358;8749;123793
VTBR;D;250118;000000;8741;8999;8690;8976;115702
VTBR;D;250121;000000;9030;9167;8815;8848;125112
VTBR;D;250122;000000;8867;9044;8810;9029;59358
VTBR;D;250123;000000;9032;9100;8844;8880;88958
VTBR;D;250124;000000;8881;9070;8829;9041;65286
VTBR;D;250125;000000;9032;9137;8920;9031;74851
VTBR;D;250128;000000;9011;9027;8609;8650;83026
VTBR;D;250129;000000;8618;8750;8509;8721;72413
VTBR;D;250130;000000;8743;8744;8609;8652;46388
VTBR;D;250131;000000;8658;8694;8533;8645;53640
VTBR;D;250201;000000;8625;8898;8581;8658;111511
VTBR;D;250204;000000;8645;8666;8363;8439;84488
VTBR;D;250205;000000;8440;8469;8227;8269;69537
VTBR;D;250206;000000;8269;8514;8130;8451;80373
VTBR;D;250207;000000;8473;8570;8370;8454;72772
VTBR;D;250208;000000;8478;8516;8275;8302;91166
VTBR;D;250211;000000;8351;8418;8175;8202;77942
VTBR;D;250212;000000;8227;8411;8200;8403;60168
VTBR;D;250213;000000;8445;9019;8265;9005;296794
VTBR;D;250214;000000;9059;9404;8700;9388;291921
VTBR;D;250215;000000;9460;9632;8781;8973;372009
VTBR;D;250218;000000;9310;10096;9306;10080;379231
VTBR;D;250219;000000;9999;10010;9250;9362;516735
VTBR;D;250220;000000;9384;9682;9269;9640;218903
VTBR;D;250221;000000;9588;9694;9425;9469;153610
VTBR;D;250222;000000;9473;9523;9217;9406;144361
VTBR;D;250225;000000;9448;9814;9411;9796;166137
VTBR;D;250226;000000;9844;9903;9493;9520;226788
VTBR;D;250227;000000;9538;9570;9120;9190;219161
VTBR;D;250228;000000;9113;9326;9055;9092;197607
VTBR;D;250301;000000;9085;9394;8971;9350;200115
VTBR;D;250304;000000;9128;9288;8931;9188;150896
VTBR;D;250305;000000;9260;9557;9222;9424;171718
VTBR;D;250306;000000;9358;9450;9130;9142;147222
VTBR;D;250307;000000;9187;9262;9032;9195;129589
VTBR;D;250308;000000;9266;9471;8939;9196;288205
VTBR;D;250311;000000;9201;9281;9102;9178;60747
VTBR;D;250312;000000;9161;9243;9000;9122;181284
VTBR;D;250313;000000;9085;9170;9030;9078;66300
VTBR;D;250314;000000;9067;9543;8807;9050;183990
VTBR;D;250315;000000;9019;9185;8958;9140;80100
VTBR;D;250318;000000;9296;9396;9155;9294;116194
VTBR;D;250319;000000;9304;9329;9019;9022;172650
VTBR;D;250320;000000;9595;9646;9453;9584;91219
VTBR;D;250321;000000;9605;9659;9551;9617;49617
VTBR;D;250322;000000;9600;9652;9451;9485;71660
VTBR;D;250325;000000;9465;9481;9331;9400;50329
VTBR;D;250326;000000;9446;9640;9256;9608;86262
VTBR;D;250327;000000;9580;9625;9370;9409;57092
VTBR;D;250328;000000;9382;9466;9168;9186;91893
VTBR;D;250329;000000;9091;9188;8651;8685;166474
VTBR;D;250401;000000;8642;8786;8536;8615;108226
VTBR;D;250402;000000;8695;8755;8253;8280;144031
VTBR;D;250403;000000;8303;8454;8245;8390;109177
VTBR;D;250404;000000;8420;8428;7950;8163;124853
VTBR;D;250405;000000;8162;8184;7560;7560;196628
VTBR;D;250408;000000;7300;7577;7075;7419;312055
VTBR;D;250409;000000;7481;7550;7017;7045;235483
VTBR;D;250410;000000;7070;7636;6860;7591;283956
VTBR;D;250411;000000;7615;7728;7337;7632;234201
VTBR;D;250412;000000;7636;7969;7636;7956;144987
VTBR;D;250415;000000;7999;7999;7778;7827;114103
VTBR;D;250416;000000;7797;8018;7779;7980;121278
VTBR;D;250417;000000;7920;8293;7888;8250;150465
VTBR;D;250418;000000;8304;8620;8253;8611;163858
VTBR;D;250419;000000;8485;8675;8306;8583;144293
VTBR;D;250422;000000;8701;8848;8674;8806;96341
VTBR;D;250423;000000;8810;9081;8705;8895;136713
VTBR;D;250424;000000;8827;8920;8592;8806;152407
VTBR;D;250425;000000;8838;8968;8746;8810;105094
VTBR;D;250426;000000;8891;9022;8862;8973;136219
VTBR;D;250429;000000;8935;11214;8832;10177;690040
VTBR;D;250430;000000;10208;10365;9825;10050;248816
VTBR;D;250501;000000;9999;10135;9770;10100;184691
VTBR;D;250503;000000;10065;10065;9871;9932;119252
VTBR;D;250506;000000;9940;10040;9808;9867;77038
VTBR;D;250507;000000;9900;10092;9845;10024;70357
VTBR;D;250508;000000;10047;10097;9935;10029;53847
VTBR;D;250509;000000;10030;10127;9981;10026;40884
VTBR;D;250513;000000;10190;10247;10115;10219;56159
VTBR;D;250514;000000;10222;10234;10121;10156;27266
VTBR;D;250515;000000;10150;10191;9873;9910;51579
VTBR;D;250516;000000;9959;10011;9823;9929;49268
VTBR;D;250517;000000;9930;9999;9616;9915;84392
VTBR;D;250520;000000;9984;10049;9849;9885;43726
VTBR;D;250521;000000;9897;9910;9791;9816;28228
VTBR;D;250522;000000;9845;9869;9712;9729;26721
VTBR;D;250523;000000;9695;9848;9586;9695;60005
VTBR;D;250524;000000;9695;9784;9655;9711;37507
VTBR;D;250527;000000;9585;9586;9271;9370;84739
VTBR;D;250528;000000;9276;9578;9237;9509;64581
VTBR;D;250529;000000;9579;9725;9560;9708;63220
VTBR;D;250530;000000;9683;9726;9525;9535;44733
VTBR;D;250531;000000;9576;9789;9430;9502;95889
VTBR;D;250603;000000;9381;9522;9313;9466;68540
VTBR;D;250604;000000;9489;9666;9476;9645;64608
VTBR;D;250605;000000;9664;9795;9556;9610;74331
VTBR;D;250606;000000;9640;9716;9615;9641;30698
VTBR;D;250607;000000;9679;9928;9357;9399;172044
VTBR;D;250610;000000;9458;9500;9352;9481;40851
VTBR;D;250611;000000;9492;9526;9383;9415;37459
VTBR;D;250612;000000;9401;9490;9356;9377;52078
VTBR;D;250614;000000;9620;9859;9566;9849;110909
VTBR;D;250617;000000;9894;9903;9622;9695;99527
VTBR;D;250618;000000;9690;9878;9672;9803;70054
VTBR;D;250619;000000;8077;8099;7915;7951;71956
VTBR;D;250620;000000;7972;8090;7879;8090;118366
VTBR;D;250621;000000;8089;8374;8042;8321;142217
VTBR;D;250624;000000;8380;8604;8319;8546;171234
VTBR;D;250625;000000;8617;8786;8541;8766;115968
VTBR;D;250626;000000;8735;8879;8624;8864;99947
VTBR;D;250627;000000;8854;8866;8729;8784;100567
VTBR;D;250628;000000;8778;8839;8740;8816;48271
VTBR;D;250701;000000;8817;8871;8681;8755;152094
VTBR;D;250702;000000;8757;8853;8434;8546;349783
VTBR;D;250703;000000;8501;8518;8236;8337;305478
VTBR;D;250704;000000;8354;8374;8035;8069;273478
VTBR;D;250705;000000;7990;8132;7925;8003;247559
VTBR;D;250708;000000;7975;8013;7666;7697;254105
VTBR;D;250709;000000;7583;7763;7434;7464;441249
VTBR;D;250710;000000;7471;7584;7263;7390;449855
VTBR;D;250711;000000;7331;7468;7311;7366;373229
VTBR;D;250712;000000;7377;7777;7349;7605;1080747
VTBR;D;250715;000000;7553;7809;7400;7770;552171
VTBR;D;250716;000000;7889;8187;7862;8176;472689
VTBR;D;250717;000000;8319;8324;8149;8230;301222
VTBR;D;250718;000000;8265;8312;8001;8095;268414
VTBR;D;250719;000000;8119;8403;8083;8392;211799
VTBR;D;250722;000000;8594;8599;8401;8468;191895
VTBR;D;250723;000000;8437;8541;8384;8510;103581
VTBR;D;250724;000000;8500;8555;8456;8515;105336
VTBR;D;250725;000000;8487;8563;8414;8464;101815
VTBR;D;250726;000000;8472;8679;8404;8591;289287
VTBR;D;250729;000000;8594;8594;8100;8170;395083
VTBR;D;250730;000000;8170;8242;7955;8105;291620
VTBR;D;250731;000000;8119;8165;7991;8040;113081
VTBR;D;250801;000000;8066;8338;7683;7990;671358
VTBR;D;250802;000000;8017;8042;7812;7851;161471
